{
    "C": 29.03223934702313,
    "kernel": "linear",
    "gamma": 9.50012229755335,
    "degree": 2,
    "coef0": 0.9118548782607786
}