{
    "n_estimators": 104,
    "learning_rate": 0.049664706208491917,
    "max_depth": 3,
    "min_samples_split": 11,
    "min_samples_leaf": 2,
    "max_features": 0.6919328607479193,
    "random_state": 42
}